ID,age,body.height,a.vtl,e.vtl,i.vtl,o.vtl,u.vtl,mean
M01,29,169,16.3,15.5,16,17.2,16.7,16.3
M02,29,175,16.2,15.3,15.8,17.3,17.2,16.4
M03,30,171,16.5,15.8,16.5,17.3,17,16.6
M04,34,178,17.3,16.2,17.3,18.5,17.9,17.4
M05,36,176,17.7,16.9,17.6,18.4,18.8,17.9
M06,38,177,16.9,16.3,16.8,17.3,17,16.9
M07,38,175,16.8,16.1,16.3,18.4,17.2,17
M08,47,175,17.1,16.4,16.8,17.3,17,16.9
M09,52,165,16.7,16,16.2,17.5,17,16.7
M10,55,168,18.3,17.5,18,19.3,18.7,18.4
M11,24,175,15.8,15.6,16.1,16.8,16.8,16.2
M12,40,162,16.8,16.3,16.6,17.8,16.8,16.9
M13,27,184,17,16.6,16.9,18,18,17.3
M14,44,169,16.8,16.4,16.3,17.4,17.9,17
M15,35,175,16.1,15.5,15.8,17.7,17.4,16.5
M16,30,170,16.4,15.6,17,17.3,16.8,16.4
M17,30,176,16.3,15.4,15.9,17.4,17.3,16.5
M18,31,172,16.6,15.9,16.6,17.4,18,16.7
M19,35,179,17.4,16.3,17.4,18.6,17.10,17.5
M20,37,177,17.8,16.10,17.7,18.5,18.9,17.10
M21,39,178,16.10,16.4,16.9,17.4,18,16.10
M22,39,176,16.9,16.2,16.4,18.5,17.3,18
M23,48,176,17.2,16.5,16.9,17.4,18,16.10
M24,53,166,16.8,17,16.3,17.6,18,16.8
M25,56,169,18.4,17.6,19,19.4,18.8,18.5
M26,25,176,15.9,15.7,16.2,16.9,16.9,16.3
M27,41,163,16.9,16.4,16.7,17.9,16.9,16.10
M28,28,185,18,16.7,16.10,19,19,17.4
M29,45,170,16.9,16.5,16.4,17.5,17.10,18
M30,36,176,16.2,15.6,15.9,17.8,17.5,16.6
M31,31,171,16.5,15.7,18,17.4,16.9,16.5
M32,31,177,16.4,15.5,15.10,17.5,17.4,16.6
M33,32,173,16.7,15.10,16.7,17.5,19,16.8
M34,36,180,17.5,16.4,17.5,18.7,17.11,17.6
M35,38,178,17.9,16.11,17.8,18.6,18.10,17.11
M36,40,179,16.11,16.5,16.10,17.5,19,16.11
M37,40,177,16.10,16.3,16.5,18.6,17.4,19
M38,49,177,17.3,16.6,16.10,17.5,19,16.11
M39,54,167,16.9,18,16.4,17.7,19,16.9
M40,57,170,18.5,17.7,20,19.5,18.9,18.6
M41,26,177,15.10,15.8,16.3,16.10,16.10,16.4
M42,42,164,16.10,16.5,16.8,17.10,16.10,16.11
M43,29,186,19,16.8,16.11,20,20,17.5
M44,46,171,16.10,16.6,16.5,17.6,17.11,19
M45,37,177,16.3,15.7,15.10,17.9,17.6,16.7
M46,32,172,16.6,15.8,19,17.5,16.10,16.6
M47,32,178,16.5,15.6,15.11,17.6,17.5,16.7
M48,33,174,16.8,15.11,16.8,17.6,20,16.9
M49,37,181,17.6,16.5,17.6,18.8,17.12,17.7
M50,39,179,17.10,16.12,17.9,18.7,18.11,17.12
M51,41,180,16.12,16.6,16.11,17.6,20,16.12
M52,41,178,16.11,16.4,16.6,18.7,17.5,20
M53,50,178,17.4,16.7,16.11,17.6,20,16.12
M54,55,168,16.10,19,16.5,17.8,20,16.10
M55,58,171,18.6,17.8,21,19.6,18.10,18.7
M56,27,178,15.11,15.9,16.4,16.11,16.11,16.5
M57,43,165,16.11,16.6,16.9,17.11,16.11,16.12
M58,30,187,20,16.9,16.12,21,21,17.6
M59,47,172,16.11,16.7,16.6,17.7,17.12,20
M60,38,178,16.4,15.8,15.11,17.10,17.7,16.8
M61,33,173,16.7,15.9,20,17.6,16.11,16.7
M62,33,179,16.6,15.7,15.12,17.7,17.6,16.8
M63,34,175,16.9,15.12,16.9,17.7,21,16.10
M64,38,182,17.7,16.6,17.7,18.9,17.13,17.8
M65,40,180,17.11,16.13,17.10,18.8,18.12,17.13
M66,42,181,16.13,16.7,16.12,17.7,21,16.13
M67,42,179,16.12,16.5,16.7,18.8,17.6,21
M68,51,179,17.5,16.8,16.12,17.7,21,16.13
M69,56,169,16.11,20,16.6,17.9,21,16.11
M70,59,172,18.7,17.9,22,19.7,18.11,18.8
M71,28,179,15.12,15.10,16.5,16.12,16.12,16.6
M72,44,166,16.12,16.7,16.10,17.12,16.12,16.13
M73,31,188,21,16.10,16.13,22,22,17.7
M74,48,173,16.12,16.8,16.7,17.8,17.13,21
M75,39,179,16.5,15.9,15.12,17.11,17.8,16.9
M76,34,174,16.8,15.10,21,17.7,16.12,16.8
M77,34,180,16.7,15.8,15.13,17.8,17.7,16.9
M78,35,176,16.10,15.13,16.10,17.8,22,16.11
M79,39,183,17.8,16.7,17.8,18.10,17.14,17.9
M80,41,181,17.12,16.14,17.11,18.9,18.13,17.14
M81,43,182,16.14,16.8,16.13,17.8,22,16.14
M82,43,180,16.13,16.6,16.8,18.9,17.7,22
M83,52,180,17.6,16.9,16.13,17.8,22,16.14
M84,57,170,16.12,21,16.7,17.10,22,16.12
M85,60,173,18.8,17.10,23,19.8,18.12,18.9
M86,29,180,15.13,15.11,16.6,16.13,16.13,16.7
M87,45,167,16.13,16.8,16.11,17.13,16.13,16.14
M88,32,189,22,16.11,16.14,23,23,17.8
M89,49,174,16.13,16.9,16.8,17.9,17.14,22
M90,40,180,16.6,15.10,15.13,17.12,17.9,16.10
M91,35,175,16.9,15.11,22,17.8,16.13,16.9
M92,35,181,16.8,15.9,15.14,17.9,17.8,16.10
M93,36,177,16.11,15.14,16.11,17.9,23,16.12
M94,40,184,17.9,16.8,17.9,18.11,17.15,17.10
M95,42,182,17.13,16.15,17.12,18.10,18.14,17.15
M96,44,183,16.15,16.9,16.14,17.9,23,16.15
M97,44,181,16.14,16.7,16.9,18.10,17.8,23
M98,53,181,17.7,16.10,16.14,17.9,23,16.15
M99,58,171,16.13,22,16.8,17.11,23,16.13
M100,61,174,18.9,17.11,24,19.9,18.13,18.10
M101,30,170,16.4,15.6,17,17.3,16.8,16.4
M102,30,176,16.3,15.4,15.9,17.4,17.3,16.5
M103,31,172,16.6,15.9,16.6,17.4,18,16.7
M104,35,179,17.4,16.3,17.4,18.6,17.10,17.5
M105,37,177,17.8,16.10,17.7,18.5,18.9,17.10
M106,39,178,16.10,16.4,16.9,17.4,18,16.10
M107,39,176,16.9,16.2,16.4,18.5,17.3,18
M108,48,176,17.2,16.5,16.9,17.4,18,16.10
M109,53,166,16.8,17,16.3,17.6,18,16.8
M110,56,169,18.4,17.6,19,19.4,18.8,18.5
M111,25,176,15.9,15.7,16.2,16.9,16.9,16.3
M112,41,163,16.9,16.4,16.7,17.9,16.9,16.10
M113,28,185,18,16.7,16.10,19,19,17.4
M114,45,170,16.9,16.5,16.4,17.5,17.10,18
M115,36,176,16.2,15.6,15.9,17.8,17.5,16.6
M116,31,171,16.5,15.7,18,17.4,16.9,16.5
M117,31,177,16.4,15.5,15.10,17.5,17.4,16.6
M118,32,173,16.7,15.10,16.7,17.5,19,16.8
M119,36,180,17.5,16.4,17.5,18.7,17.11,17.6
M120,38,178,17.9,16.11,17.8,18.6,18.10,17.11
M121,40,179,16.11,16.5,16.10,17.5,19,16.11
M122,40,177,16.10,16.3,16.5,18.6,17.4,19
M123,49,177,17.3,16.6,16.10,17.5,19,16.11
M124,54,167,16.9,18,16.4,17.7,19,16.9
M125,57,170,18.5,17.7,20,19.5,18.9,18.6
M126,26,177,15.10,15.8,16.3,16.10,16.10,16.4
M127,42,164,16.10,16.5,16.8,17.10,16.10,16.11
M128,29,186,19,16.8,16.11,20,20,17.5
M129,46,171,16.10,16.6,16.5,17.6,17.11,19
M130,37,177,16.3,15.7,15.10,17.9,17.6,16.7
M131,32,172,16.6,15.8,19,17.5,16.10,16.6
M132,32,178,16.5,15.6,15.11,17.6,17.5,16.7
M133,33,174,16.8,15.11,16.8,17.6,20,16.9
M134,37,181,17.6,16.5,17.6,18.8,17.12,17.7
M135,39,179,17.10,16.12,17.9,18.7,18.11,17.12
M136,41,180,16.12,16.6,16.11,17.6,20,16.12
M137,41,178,16.11,16.4,16.6,18.7,17.5,20
M138,50,178,17.4,16.7,16.11,17.6,20,16.12
M139,55,168,16.10,19,16.5,17.8,20,16.10
M140,58,171,18.6,17.8,21,19.6,18.10,18.7
M141,27,178,15.11,15.9,16.4,16.11,16.11,16.5
M142,43,165,16.11,16.6,16.9,17.11,16.11,16.12
M143,30,187,20,16.9,16.12,21,21,17.6
M144,47,172,16.11,16.7,16.6,17.7,17.12,20
M145,38,178,16.4,15.8,15.11,17.10,17.7,16.8
M146,33,173,16.7,15.9,20,17.6,16.11,16.7
M147,33,179,16.6,15.7,15.12,17.7,17.6,16.8
M148,34,175,16.9,15.12,16.9,17.7,21,16.10
M149,38,182,17.7,16.6,17.7,18.9,17.13,17.8
M150,40,180,17.11,16.13,17.10,18.8,18.12,17.13
M151,42,181,16.13,16.7,16.12,17.7,21,16.13
M152,42,179,16.12,16.5,16.7,18.8,17.6,21
M153,51,179,17.5,16.8,16.12,17.7,21,16.13
M154,56,169,16.11,20,16.6,17.9,21,16.11
M155,59,172,18.7,17.9,22,19.7,18.11,18.8
M156,28,179,15.12,15.10,16.5,16.12,16.12,16.6
M157,44,166,16.12,16.7,16.10,17.12,16.12,16.13
M158,31,188,21,16.10,16.13,22,22,17.7
M159,48,173,16.12,16.8,16.7,17.8,17.13,21
M160,39,179,16.5,15.9,15.12,17.11,17.8,16.9
M161,34,174,16.8,15.10,21,17.7,16.12,16.8
M162,34,180,16.7,15.8,15.13,17.8,17.7,16.9
M163,35,176,16.10,15.13,16.10,17.8,22,16.11
M164,39,183,17.8,16.7,17.8,18.10,17.14,17.9
M165,41,181,17.12,16.14,17.11,18.9,18.13,17.14
M166,43,182,16.14,16.8,16.13,17.8,22,16.14
M167,43,180,16.13,16.6,16.8,18.9,17.7,22
M168,52,180,17.6,16.9,16.13,17.8,22,16.14
M169,57,170,16.12,21,16.7,17.10,22,16.12
M170,60,173,18.8,17.10,23,19.8,18.12,18.9
M171,29,180,15.13,15.11,16.6,16.13,16.13,16.7
M172,45,167,16.13,16.8,16.11,17.13,16.13,16.14
M173,32,189,22,16.11,16.14,23,23,17.8
M174,49,174,16.13,16.9,16.8,17.9,17.14,22
M175,40,180,16.6,15.10,15.13,17.12,17.9,16.10
M176,35,175,16.9,15.11,22,17.8,16.13,16.9
M177,35,181,16.8,15.9,15.14,17.9,17.8,16.10
M178,36,177,16.11,15.14,16.11,17.9,23,16.12
M179,40,184,17.9,16.8,17.9,18.11,17.15,17.10
M180,42,182,17.13,16.15,17.12,18.10,18.14,17.15
M181,44,183,16.15,16.9,16.14,17.9,23,16.15
M182,44,181,16.14,16.7,16.9,18.10,17.8,23
M183,53,181,17.7,16.10,16.14,17.9,23,16.15
M184,58,171,16.13,22,16.8,17.11,23,16.13
M185,61,174,18.9,17.11,24,19.9,18.13,18.10
M186,30,181,15.14,15.12,16.7,16.14,16.14,16.8
M187,46,168,16.14,16.9,16.12,17.14,16.14,16.15
M188,33,190,23,16.12,16.15,24,24,17.9
M189,50,175,16.14,16.10,16.9,17.10,17.15,23
M190,41,181,16.7,15.11,15.14,17.13,17.10,16.11
M191,36,176,16.10,15.12,23,17.9,16.14,16.10
M192,36,182,16.9,15.10,15.15,17.10,17.9,16.11
M193,37,178,16.12,15.15,16.12,17.10,24,16.13
M194,41,185,17.10,16.9,17.10,18.12,17.16,17.11
M195,43,183,17.14,16.16,17.13,18.11,18.15,17.16
M196,45,184,16.16,16.10,16.15,17.10,24,16.16
M197,45,182,16.15,16.8,16.10,18.11,17.9,24
M198,54,182,17.8,16.11,16.15,17.10,24,16.16
M199,59,172,16.14,23,16.9,17.12,24,16.14
M200,62,175,18.10,17.12,25,19.10,18.14,18.11
M201,31,171,16.5,15.7,18,17.4,16.9,16.5
M202,31,177,16.4,15.5,15.10,17.5,17.4,16.6
M203,32,173,16.7,15.10,16.7,17.5,19,16.8
M204,36,180,17.5,16.4,17.5,18.7,17.11,17.6
M205,38,178,17.9,16.11,17.8,18.6,18.10,17.11
M206,40,179,16.11,16.5,16.10,17.5,19,16.11
M207,40,177,16.10,16.3,16.5,18.6,17.4,19
M208,49,177,17.3,16.6,16.10,17.5,19,16.11
M209,54,167,16.9,18,16.4,17.7,19,16.9
M210,57,170,18.5,17.7,20,19.5,18.9,18.6
M211,26,177,15.10,15.8,16.3,16.10,16.10,16.4
M212,42,164,16.10,16.5,16.8,17.10,16.10,16.11
M213,29,186,19,16.8,16.11,20,20,17.5
M214,46,171,16.10,16.6,16.5,17.6,17.11,19
M215,37,177,16.3,15.7,15.10,17.9,17.6,16.7
M216,32,172,16.6,15.8,19,17.5,16.10,16.6
M217,32,178,16.5,15.6,15.11,17.6,17.5,16.7
M218,33,174,16.8,15.11,16.8,17.6,20,16.9
M219,37,181,17.6,16.5,17.6,18.8,17.12,17.7
M220,39,179,17.10,16.12,17.9,18.7,18.11,17.12
M221,41,180,16.12,16.6,16.11,17.6,20,16.12
M222,41,178,16.11,16.4,16.6,18.7,17.5,20
M223,50,178,17.4,16.7,16.11,17.6,20,16.12
M224,55,168,16.10,19,16.5,17.8,20,16.10
M225,58,171,18.6,17.8,21,19.6,18.10,18.7
M226,27,178,15.11,15.9,16.4,16.11,16.11,16.5
M227,43,165,16.11,16.6,16.9,17.11,16.11,16.12
M228,30,187,20,16.9,16.12,21,21,17.6
M229,47,172,16.11,16.7,16.6,17.7,17.12,20
M230,38,178,16.4,15.8,15.11,17.10,17.7,16.8
M231,33,173,16.7,15.9,20,17.6,16.11,16.7
M232,33,179,16.6,15.7,15.12,17.7,17.6,16.8
M233,34,175,16.9,15.12,16.9,17.7,21,16.10
M234,38,182,17.7,16.6,17.7,18.9,17.13,17.8
M235,40,180,17.11,16.13,17.10,18.8,18.12,17.13
M236,42,181,16.13,16.7,16.12,17.7,21,16.13
M237,42,179,16.12,16.5,16.7,18.8,17.6,21
M238,51,179,17.5,16.8,16.12,17.7,21,16.13
M239,56,169,16.11,20,16.6,17.9,21,16.11
M240,59,172,18.7,17.9,22,19.7,18.11,18.8
M241,28,179,15.12,15.10,16.5,16.12,16.12,16.6
M242,44,166,16.12,16.7,16.10,17.12,16.12,16.13
M243,31,188,21,16.10,16.13,22,22,17.7
M244,48,173,16.12,16.8,16.7,17.8,17.13,21
M245,39,179,16.5,15.9,15.12,17.11,17.8,16.9
M246,34,174,16.8,15.10,21,17.7,16.12,16.8
M247,34,180,16.7,15.8,15.13,17.8,17.7,16.9
M248,35,176,16.10,15.13,16.10,17.8,22,16.11
M249,39,183,17.8,16.7,17.8,18.10,17.14,17.9
M250,41,181,17.12,16.14,17.11,18.9,18.13,17.14
M251,43,182,16.14,16.8,16.13,17.8,22,16.14
M252,43,180,16.13,16.6,16.8,18.9,17.7,22
M253,52,180,17.6,16.9,16.13,17.8,22,16.14
M254,57,170,16.12,21,16.7,17.10,22,16.12
M255,60,173,18.8,17.10,23,19.8,18.12,18.9
M256,29,180,15.13,15.11,16.6,16.13,16.13,16.7
M257,45,167,16.13,16.8,16.11,17.13,16.13,16.14
M258,32,189,22,16.11,16.14,23,23,17.8
M259,49,174,16.13,16.9,16.8,17.9,17.14,22
M260,40,180,16.6,15.10,15.13,17.12,17.9,16.10
M261,35,175,16.9,15.11,22,17.8,16.13,16.9
M262,35,181,16.8,15.9,15.14,17.9,17.8,16.10
M263,36,177,16.11,15.14,16.11,17.9,23,16.12
M264,40,184,17.9,16.8,17.9,18.11,17.15,17.10
M265,42,182,17.13,16.15,17.12,18.10,18.14,17.15
M266,44,183,16.15,16.9,16.14,17.9,23,16.15
M267,44,181,16.14,16.7,16.9,18.10,17.8,23
M268,53,181,17.7,16.10,16.14,17.9,23,16.15
M269,58,171,16.13,22,16.8,17.11,23,16.13
M270,61,174,18.9,17.11,24,19.9,18.13,18.10
M271,30,181,15.14,15.12,16.7,16.14,16.14,16.8
M272,46,168,16.14,16.9,16.12,17.14,16.14,16.15
M273,33,190,23,16.12,16.15,24,24,17.9
M274,50,175,16.14,16.10,16.9,17.10,17.15,23
M275,41,181,16.7,15.11,15.14,17.13,17.10,16.11
M276,36,176,16.10,15.12,23,17.9,16.14,16.10
M277,36,182,16.9,15.10,15.15,17.10,17.9,16.11
M278,37,178,16.12,15.15,16.12,17.10,24,16.13
M279,41,185,17.10,16.9,17.10,18.12,17.16,17.11
M280,43,183,17.14,16.16,17.13,18.11,18.15,17.16
M281,45,184,16.16,16.10,16.15,17.10,24,16.16
M282,45,182,16.15,16.8,16.10,18.11,17.9,24
M283,54,182,17.8,16.11,16.15,17.10,24,16.16
M284,59,172,16.14,23,16.9,17.12,24,16.14
M285,62,175,18.10,17.12,25,19.10,18.14,18.11
M286,31,182,15.15,15.13,16.8,16.15,16.15,16.9
M287,47,169,16.15,16.10,16.13,17.15,16.15,16.16
M288,34,191,24,16.13,16.16,25,25,17.10
M289,51,176,16.15,16.11,16.10,17.11,17.16,24
M290,42,182,16.8,15.12,15.15,17.14,17.11,16.12
M291,37,177,16.11,15.13,24,17.10,16.15,16.11
M292,37,183,16.10,15.11,15.16,17.11,17.10,16.12
M293,38,179,16.13,15.16,16.13,17.11,25,16.14
M294,42,186,17.11,16.10,17.11,18.13,17.17,17.12
M295,44,184,17.15,16.17,17.14,18.12,18.16,17.17
M296,46,185,16.17,16.11,16.16,17.11,25,16.17
M297,46,183,16.16,16.9,16.11,18.12,17.10,25
M298,55,183,17.9,16.12,16.16,17.11,25,16.17
M299,60,173,16.15,24,16.10,17.13,25,16.15
M300,63,176,18.11,17.13,26,19.11,18.15,18.12
M301,32,172,16.6,15.8,19,17.5,16.10,16.6
M302,32,178,16.5,15.6,15.11,17.6,17.5,16.7
M303,33,174,16.8,15.11,16.8,17.6,20,16.9
M304,37,181,17.6,16.5,17.6,18.8,17.12,17.7
M305,39,179,17.10,16.12,17.9,18.7,18.11,17.12
M306,41,180,16.12,16.6,16.11,17.6,20,16.12
M307,41,178,16.11,16.4,16.6,18.7,17.5,20
M308,50,178,17.4,16.7,16.11,17.6,20,16.12
M309,55,168,16.10,19,16.5,17.8,20,16.10
M310,58,171,18.6,17.8,21,19.6,18.10,18.7
M311,27,178,15.11,15.9,16.4,16.11,16.11,16.5
M312,43,165,16.11,16.6,16.9,17.11,16.11,16.12
M313,30,187,20,16.9,16.12,21,21,17.6
M314,47,172,16.11,16.7,16.6,17.7,17.12,20
M315,38,178,16.4,15.8,15.11,17.10,17.7,16.8
M316,33,173,16.7,15.9,20,17.6,16.11,16.7
M317,33,179,16.6,15.7,15.12,17.7,17.6,16.8
M318,34,175,16.9,15.12,16.9,17.7,21,16.10
M319,38,182,17.7,16.6,17.7,18.9,17.13,17.8
M320,40,180,17.11,16.13,17.10,18.8,18.12,17.13
M321,42,181,16.13,16.7,16.12,17.7,21,16.13
M322,42,179,16.12,16.5,16.7,18.8,17.6,21
M323,51,179,17.5,16.8,16.12,17.7,21,16.13
M324,56,169,16.11,20,16.6,17.9,21,16.11
M325,59,172,18.7,17.9,22,19.7,18.11,18.8
M326,28,179,15.12,15.10,16.5,16.12,16.12,16.6
M327,44,166,16.12,16.7,16.10,17.12,16.12,16.13
M328,31,188,21,16.10,16.13,22,22,17.7
M329,48,173,16.12,16.8,16.7,17.8,17.13,21
M330,39,179,16.5,15.9,15.12,17.11,17.8,16.9
M331,34,174,16.8,15.10,21,17.7,16.12,16.8
M332,34,180,16.7,15.8,15.13,17.8,17.7,16.9
M333,35,176,16.10,15.13,16.10,17.8,22,16.11
M334,39,183,17.8,16.7,17.8,18.10,17.14,17.9
M335,41,181,17.12,16.14,17.11,18.9,18.13,17.14
M336,43,182,16.14,16.8,16.13,17.8,22,16.14
M337,43,180,16.13,16.6,16.8,18.9,17.7,22
M338,52,180,17.6,16.9,16.13,17.8,22,16.14
M339,57,170,16.12,21,16.7,17.10,22,16.12
M340,60,173,18.8,17.10,23,19.8,18.12,18.9
M341,29,180,15.13,15.11,16.6,16.13,16.13,16.7
M342,45,167,16.13,16.8,16.11,17.13,16.13,16.14
M343,32,189,22,16.11,16.14,23,23,17.8
M344,49,174,16.13,16.9,16.8,17.9,17.14,22
M345,40,180,16.6,15.10,15.13,17.12,17.9,16.10
M346,35,175,16.9,15.11,22,17.8,16.13,16.9
M347,35,181,16.8,15.9,15.14,17.9,17.8,16.10
M348,36,177,16.11,15.14,16.11,17.9,23,16.12
M349,40,184,17.9,16.8,17.9,18.11,17.15,17.10
M350,42,182,17.13,16.15,17.12,18.10,18.14,17.15
M351,44,183,16.15,16.9,16.14,17.9,23,16.15
M352,44,181,16.14,16.7,16.9,18.10,17.8,23
M353,53,181,17.7,16.10,16.14,17.9,23,16.15
M354,58,171,16.13,22,16.8,17.11,23,16.13
M355,61,174,18.9,17.11,24,19.9,18.13,18.10
M356,30,181,15.14,15.12,16.7,16.14,16.14,16.8
M357,46,168,16.14,16.9,16.12,17.14,16.14,16.15
M358,33,190,23,16.12,16.15,24,24,17.9
M359,50,175,16.14,16.10,16.9,17.10,17.15,23
M360,41,181,16.7,15.11,15.14,17.13,17.10,16.11
M361,36,176,16.10,15.12,23,17.9,16.14,16.10
M362,36,182,16.9,15.10,15.15,17.10,17.9,16.11
M363,37,178,16.12,15.15,16.12,17.10,24,16.13
M364,41,185,17.10,16.9,17.10,18.12,17.16,17.11
M365,43,183,17.14,16.16,17.13,18.11,18.15,17.16
M366,45,184,16.16,16.10,16.15,17.10,24,16.16
M367,45,182,16.15,16.8,16.10,18.11,17.9,24
M368,54,182,17.8,16.11,16.15,17.10,24,16.16
M369,59,172,16.14,23,16.9,17.12,24,16.14
M370,62,175,18.10,17.12,25,19.10,18.14,18.11
M371,31,182,15.15,15.13,16.8,16.15,16.15,16.9
M372,47,169,16.15,16.10,16.13,17.15,16.15,16.16
M373,34,191,24,16.13,16.16,25,25,17.10
M374,51,176,16.15,16.11,16.10,17.11,17.16,24
M375,42,182,16.8,15.12,15.15,17.14,17.11,16.12
M376,37,177,16.11,15.13,24,17.10,16.15,16.11
M377,37,183,16.10,15.11,15.16,17.11,17.10,16.12
M378,38,179,16.13,15.16,16.13,17.11,25,16.14
M379,42,186,17.11,16.10,17.11,18.13,17.17,17.12
M380,44,184,17.15,16.17,17.14,18.12,18.16,17.17
M381,46,185,16.17,16.11,16.16,17.11,25,16.17
M382,46,183,16.16,16.9,16.11,18.12,17.10,25
M383,55,183,17.9,16.12,16.16,17.11,25,16.17
M384,60,173,16.15,24,16.10,17.13,25,16.15
M385,63,176,18.11,17.13,26,19.11,18.15,18.12
M386,32,183,15.16,15.14,16.9,16.16,16.16,16.10
M387,48,170,16.16,16.11,16.14,17.16,16.16,16.17
M388,35,192,25,16.14,16.17,26,26,17.11
M389,52,177,16.16,16.12,16.11,17.12,17.17,25
M390,43,183,16.9,15.13,15.16,17.15,17.12,16.13
M391,38,178,16.12,15.14,25,17.11,16.16,16.12
M392,38,184,16.11,15.12,15.17,17.12,17.11,16.13
M393,39,180,16.14,15.17,16.14,17.12,26,16.15
M394,43,187,17.12,16.11,17.12,18.14,17.18,17.13
M395,45,185,17.16,16.18,17.15,18.13,18.17,17.18
M396,47,186,16.18,16.12,16.17,17.12,26,16.18
M397,47,184,16.17,16.10,16.12,18.13,17.11,26
M398,56,184,17.10,16.13,16.17,17.12,26,16.18
M399,61,174,16.16,25,16.11,17.14,26,16.16
M400,64,177,18.12,17.14,27,19.12,18.16,18.13
M401,33,173,16.7,15.9,20,17.6,16.11,16.7
M402,33,179,16.6,15.7,15.12,17.7,17.6,16.8
M403,34,175,16.9,15.12,16.9,17.7,21,16.10
M404,38,182,17.7,16.6,17.7,18.9,17.13,17.8
M405,40,180,17.11,16.13,17.10,18.8,18.12,17.13
M406,42,181,16.13,16.7,16.12,17.7,21,16.13
M407,42,179,16.12,16.5,16.7,18.8,17.6,21
M408,51,179,17.5,16.8,16.12,17.7,21,16.13
M409,56,169,16.11,20,16.6,17.9,21,16.11
M410,59,172,18.7,17.9,22,19.7,18.11,18.8
M411,28,179,15.12,15.10,16.5,16.12,16.12,16.6
M412,44,166,16.12,16.7,16.10,17.12,16.12,16.13
M413,31,188,21,16.10,16.13,22,22,17.7
M414,48,173,16.12,16.8,16.7,17.8,17.13,21
M415,39,179,16.5,15.9,15.12,17.11,17.8,16.9
M416,34,174,16.8,15.10,21,17.7,16.12,16.8
M417,34,180,16.7,15.8,15.13,17.8,17.7,16.9
M418,35,176,16.10,15.13,16.10,17.8,22,16.11
M419,39,183,17.8,16.7,17.8,18.10,17.14,17.9
M420,41,181,17.12,16.14,17.11,18.9,18.13,17.14
M421,43,182,16.14,16.8,16.13,17.8,22,16.14
M422,43,180,16.13,16.6,16.8,18.9,17.7,22
M423,52,180,17.6,16.9,16.13,17.8,22,16.14
M424,57,170,16.12,21,16.7,17.10,22,16.12
M425,60,173,18.8,17.10,23,19.8,18.12,18.9
M426,29,180,15.13,15.11,16.6,16.13,16.13,16.7
M427,45,167,16.13,16.8,16.11,17.13,16.13,16.14
M428,32,189,22,16.11,16.14,23,23,17.8
M429,49,174,16.13,16.9,16.8,17.9,17.14,22
M430,40,180,16.6,15.10,15.13,17.12,17.9,16.10
M431,35,175,16.9,15.11,22,17.8,16.13,16.9
M432,35,181,16.8,15.9,15.14,17.9,17.8,16.10
M433,36,177,16.11,15.14,16.11,17.9,23,16.12
M434,40,184,17.9,16.8,17.9,18.11,17.15,17.10
M435,42,182,17.13,16.15,17.12,18.10,18.14,17.15
M436,44,183,16.15,16.9,16.14,17.9,23,16.15
M437,44,181,16.14,16.7,16.9,18.10,17.8,23
M438,53,181,17.7,16.10,16.14,17.9,23,16.15
M439,58,171,16.13,22,16.8,17.11,23,16.13
M440,61,174,18.9,17.11,24,19.9,18.13,18.10
M441,30,181,15.14,15.12,16.7,16.14,16.14,16.8
M442,46,168,16.14,16.9,16.12,17.14,16.14,16.15
M443,33,190,23,16.12,16.15,24,24,17.9
M444,50,175,16.14,16.10,16.9,17.10,17.15,23
M445,41,181,16.7,15.11,15.14,17.13,17.10,16.11
M446,36,176,16.10,15.12,23,17.9,16.14,16.10
M447,36,182,16.9,15.10,15.15,17.10,17.9,16.11
M448,37,178,16.12,15.15,16.12,17.10,24,16.13
M449,41,185,17.10,16.9,17.10,18.12,17.16,17.11
M450,43,183,17.14,16.16,17.13,18.11,18.15,17.16
M451,45,184,16.16,16.10,16.15,17.10,24,16.16
M452,45,182,16.15,16.8,16.10,18.11,17.9,24
M453,54,182,17.8,16.11,16.15,17.10,24,16.16
M454,59,172,16.14,23,16.9,17.12,24,16.14
M455,62,175,18.10,17.12,25,19.10,18.14,18.11
M456,31,182,15.15,15.13,16.8,16.15,16.15,16.9
M457,47,169,16.15,16.10,16.13,17.15,16.15,16.16
M458,34,191,24,16.13,16.16,25,25,17.10
M459,51,176,16.15,16.11,16.10,17.11,17.16,24
M460,42,182,16.8,15.12,15.15,17.14,17.11,16.12
M461,37,177,16.11,15.13,24,17.10,16.15,16.11
M462,37,183,16.10,15.11,15.16,17.11,17.10,16.12
M463,38,179,16.13,15.16,16.13,17.11,25,16.14
M464,42,186,17.11,16.10,17.11,18.13,17.17,17.12
M465,44,184,17.15,16.17,17.14,18.12,18.16,17.17
M466,46,185,16.17,16.11,16.16,17.11,25,16.17
M467,46,183,16.16,16.9,16.11,18.12,17.10,25
M468,55,183,17.9,16.12,16.16,17.11,25,16.17
M469,60,173,16.15,24,16.10,17.13,25,16.15
M470,63,176,18.11,17.13,26,19.11,18.15,18.12
M471,32,183,15.16,15.14,16.9,16.16,16.16,16.10
M472,48,170,16.16,16.11,16.14,17.16,16.16,16.17
M473,35,192,25,16.14,16.17,26,26,17.11
M474,52,177,16.16,16.12,16.11,17.12,17.17,25
M475,43,183,16.9,15.13,15.16,17.15,17.12,16.13
M476,38,178,16.12,15.14,25,17.11,16.16,16.12
M477,38,184,16.11,15.12,15.17,17.12,17.11,16.13
M478,39,180,16.14,15.17,16.14,17.12,26,16.15
M479,43,187,17.12,16.11,17.12,18.14,17.18,17.13
M480,45,185,17.16,16.18,17.15,18.13,18.17,17.18
M481,47,186,16.18,16.12,16.17,17.12,26,16.18
M482,47,184,16.17,16.10,16.12,18.13,17.11,26
M483,56,184,17.10,16.13,16.17,17.12,26,16.18
M484,61,174,16.16,25,16.11,17.14,26,16.16
M485,64,177,18.12,17.14,27,19.12,18.16,18.13
M486,33,184,15.17,15.15,16.10,16.17,16.17,16.11
M487,49,171,16.17,16.12,16.15,17.17,16.17,16.18
M488,36,193,26,16.15,16.18,27,27,17.12
M489,53,178,16.17,16.13,16.12,17.13,17.18,26
M490,44,184,16.10,15.14,15.17,17.16,17.13,16.14
M491,39,179,16.13,15.15,26,17.12,16.17,16.13
M492,39,185,16.12,15.13,15.18,17.13,17.12,16.14
M493,40,181,16.15,15.18,16.15,17.13,27,16.16
M494,44,188,17.13,16.12,17.13,18.15,17.19,17.14
M495,46,186,17.17,16.19,17.16,18.14,18.18,17.19
M496,48,187,16.19,16.13,16.18,17.13,27,16.19
M497,48,185,16.18,16.11,16.13,18.14,17.12,27
M498,57,185,17.11,16.14,16.18,17.13,27,16.19
M499,62,175,16.17,26,16.12,17.15,27,16.17
M500,65,178,18.13,17.15,28,19.13,18.17,18.14
M501,34,174,16.8,15.10,21,17.7,16.12,16.8
M502,34,180,16.7,15.8,15.13,17.8,17.7,16.9
M503,35,176,16.10,15.13,16.10,17.8,22,16.11
M504,39,183,17.8,16.7,17.8,18.10,17.14,17.9
M505,41,181,17.12,16.14,17.11,18.9,18.13,17.14
M506,43,182,16.14,16.8,16.13,17.8,22,16.14
M507,43,180,16.13,16.6,16.8,18.9,17.7,22
M508,52,180,17.6,16.9,16.13,17.8,22,16.14
M509,57,170,16.12,21,16.7,17.10,22,16.12
M510,60,173,18.8,17.10,23,19.8,18.12,18.9
M511,29,180,15.13,15.11,16.6,16.13,16.13,16.7
M512,45,167,16.13,16.8,16.11,17.13,16.13,16.14
M513,32,189,22,16.11,16.14,23,23,17.8
M514,49,174,16.13,16.9,16.8,17.9,17.14,22
M515,40,180,16.6,15.10,15.13,17.12,17.9,16.10
M516,35,175,16.9,15.11,22,17.8,16.13,16.9
M517,35,181,16.8,15.9,15.14,17.9,17.8,16.10
M518,36,177,16.11,15.14,16.11,17.9,23,16.12
M519,40,184,17.9,16.8,17.9,18.11,17.15,17.10
M520,42,182,17.13,16.15,17.12,18.10,18.14,17.15
M521,44,183,16.15,16.9,16.14,17.9,23,16.15
M522,44,181,16.14,16.7,16.9,18.10,17.8,23
M523,53,181,17.7,16.10,16.14,17.9,23,16.15
M524,58,171,16.13,22,16.8,17.11,23,16.13
M525,61,174,18.9,17.11,24,19.9,18.13,18.10
M526,30,181,15.14,15.12,16.7,16.14,16.14,16.8
M527,46,168,16.14,16.9,16.12,17.14,16.14,16.15
M528,33,190,23,16.12,16.15,24,24,17.9
M529,50,175,16.14,16.10,16.9,17.10,17.15,23
M530,41,181,16.7,15.11,15.14,17.13,17.10,16.11
M531,36,176,16.10,15.12,23,17.9,16.14,16.10
M532,36,182,16.9,15.10,15.15,17.10,17.9,16.11
M533,37,178,16.12,15.15,16.12,17.10,24,16.13
M534,41,185,17.10,16.9,17.10,18.12,17.16,17.11
M535,43,183,17.14,16.16,17.13,18.11,18.15,17.16
M536,45,184,16.16,16.10,16.15,17.10,24,16.16
M537,45,182,16.15,16.8,16.10,18.11,17.9,24
M538,54,182,17.8,16.11,16.15,17.10,24,16.16
M539,59,172,16.14,23,16.9,17.12,24,16.14
M540,62,175,18.10,17.12,25,19.10,18.14,18.11
M541,31,182,15.15,15.13,16.8,16.15,16.15,16.9
M542,47,169,16.15,16.10,16.13,17.15,16.15,16.16
M543,34,191,24,16.13,16.16,25,25,17.10
M544,51,176,16.15,16.11,16.10,17.11,17.16,24
M545,42,182,16.8,15.12,15.15,17.14,17.11,16.12
M546,37,177,16.11,15.13,24,17.10,16.15,16.11
M547,37,183,16.10,15.11,15.16,17.11,17.10,16.12
M548,38,179,16.13,15.16,16.13,17.11,25,16.14
M549,42,186,17.11,16.10,17.11,18.13,17.17,17.12
M550,44,184,17.15,16.17,17.14,18.12,18.16,17.17
M551,46,185,16.17,16.11,16.16,17.11,25,16.17
M552,46,183,16.16,16.9,16.11,18.12,17.10,25
M553,55,183,17.9,16.12,16.16,17.11,25,16.17
M554,60,173,16.15,24,16.10,17.13,25,16.15
M555,63,176,18.11,17.13,26,19.11,18.15,18.12
M556,32,183,15.16,15.14,16.9,16.16,16.16,16.10
M557,48,170,16.16,16.11,16.14,17.16,16.16,16.17
M558,35,192,25,16.14,16.17,26,26,17.11
M559,52,177,16.16,16.12,16.11,17.12,17.17,25
M560,43,183,16.9,15.13,15.16,17.15,17.12,16.13
M561,38,178,16.12,15.14,25,17.11,16.16,16.12
M562,38,184,16.11,15.12,15.17,17.12,17.11,16.13
M563,39,180,16.14,15.17,16.14,17.12,26,16.15
M564,43,187,17.12,16.11,17.12,18.14,17.18,17.13
M565,45,185,17.16,16.18,17.15,18.13,18.17,17.18
M566,47,186,16.18,16.12,16.17,17.12,26,16.18
M567,47,184,16.17,16.10,16.12,18.13,17.11,26
M568,56,184,17.10,16.13,16.17,17.12,26,16.18
M569,61,174,16.16,25,16.11,17.14,26,16.16
M570,64,177,18.12,17.14,27,19.12,18.16,18.13
M571,33,184,15.17,15.15,16.10,16.17,16.17,16.11
M572,49,171,16.17,16.12,16.15,17.17,16.17,16.18
M573,36,193,26,16.15,16.18,27,27,17.12
M574,53,178,16.17,16.13,16.12,17.13,17.18,26
M575,44,184,16.10,15.14,15.17,17.16,17.13,16.14
M576,39,179,16.13,15.15,26,17.12,16.17,16.13
M577,39,185,16.12,15.13,15.18,17.13,17.12,16.14
M578,40,181,16.15,15.18,16.15,17.13,27,16.16
M579,44,188,17.13,16.12,17.13,18.15,17.19,17.14
M580,46,186,17.17,16.19,17.16,18.14,18.18,17.19
M581,48,187,16.19,16.13,16.18,17.13,27,16.19
M582,48,185,16.18,16.11,16.13,18.14,17.12,27
M583,57,185,17.11,16.14,16.18,17.13,27,16.19
M584,62,175,16.17,26,16.12,17.15,27,16.17
M585,65,178,18.13,17.15,28,19.13,18.17,18.14
M586,34,185,15.18,15.16,16.11,16.18,16.18,16.12
M587,50,172,16.18,16.13,16.16,17.18,16.18,16.19
M588,37,194,27,16.16,16.19,28,28,17.13
M589,54,179,16.18,16.14,16.13,17.14,17.19,27
M590,45,185,16.11,15.15,15.18,17.17,17.14,16.15
M591,40,180,16.14,15.16,27,17.13,16.18,16.14
M592,40,186,16.13,15.14,15.19,17.14,17.13,16.15
M593,41,182,16.16,15.19,16.16,17.14,28,16.17
M594,45,189,17.14,16.13,17.14,18.16,17.20,17.15
M595,47,187,17.18,16.20,17.17,18.15,18.19,17.20
M596,49,188,16.20,16.14,16.19,17.14,28,16.20
M597,49,186,16.19,16.12,16.14,18.15,17.13,28
M598,58,186,17.12,16.15,16.19,17.14,28,16.20
M599,63,176,16.18,27,16.13,17.16,28,16.18
M600,66,179,18.14,17.16,29,19.14,18.18,18.15
M601,35,175,16.9,15.11,22,17.8,16.13,16.9
M602,35,181,16.8,15.9,15.14,17.9,17.8,16.10
M603,36,177,16.11,15.14,16.11,17.9,23,16.12
M604,40,184,17.9,16.8,17.9,18.11,17.15,17.10
M605,42,182,17.13,16.15,17.12,18.10,18.14,17.15
M606,44,183,16.15,16.9,16.14,17.9,23,16.15
M607,44,181,16.14,16.7,16.9,18.10,17.8,23
M608,53,181,17.7,16.10,16.14,17.9,23,16.15
M609,58,171,16.13,22,16.8,17.11,23,16.13
M610,61,174,18.9,17.11,24,19.9,18.13,18.10
M611,30,181,15.14,15.12,16.7,16.14,16.14,16.8
M612,46,168,16.14,16.9,16.12,17.14,16.14,16.15
M613,33,190,23,16.12,16.15,24,24,17.9
M614,50,175,16.14,16.10,16.9,17.10,17.15,23
M615,41,181,16.7,15.11,15.14,17.13,17.10,16.11
M616,36,176,16.10,15.12,23,17.9,16.14,16.10
M617,36,182,16.9,15.10,15.15,17.10,17.9,16.11
M618,37,178,16.12,15.15,16.12,17.10,24,16.13
M619,41,185,17.10,16.9,17.10,18.12,17.16,17.11
M620,43,183,17.14,16.16,17.13,18.11,18.15,17.16
M621,45,184,16.16,16.10,16.15,17.10,24,16.16
M622,45,182,16.15,16.8,16.10,18.11,17.9,24
M623,54,182,17.8,16.11,16.15,17.10,24,16.16
M624,59,172,16.14,23,16.9,17.12,24,16.14
M625,62,175,18.10,17.12,25,19.10,18.14,18.11
M626,31,182,15.15,15.13,16.8,16.15,16.15,16.9
M627,47,169,16.15,16.10,16.13,17.15,16.15,16.16
M628,34,191,24,16.13,16.16,25,25,17.10
M629,51,176,16.15,16.11,16.10,17.11,17.16,24
M630,42,182,16.8,15.12,15.15,17.14,17.11,16.12
M631,37,177,16.11,15.13,24,17.10,16.15,16.11
M632,37,183,16.10,15.11,15.16,17.11,17.10,16.12
M633,38,179,16.13,15.16,16.13,17.11,25,16.14
M634,42,186,17.11,16.10,17.11,18.13,17.17,17.12
M635,44,184,17.15,16.17,17.14,18.12,18.16,17.17
M636,46,185,16.17,16.11,16.16,17.11,25,16.17
M637,46,183,16.16,16.9,16.11,18.12,17.10,25
M638,55,183,17.9,16.12,16.16,17.11,25,16.17
M639,60,173,16.15,24,16.10,17.13,25,16.15
M640,63,176,18.11,17.13,26,19.11,18.15,18.12
M641,32,183,15.16,15.14,16.9,16.16,16.16,16.10
M642,48,170,16.16,16.11,16.14,17.16,16.16,16.17
M643,35,192,25,16.14,16.17,26,26,17.11
M644,52,177,16.16,16.12,16.11,17.12,17.17,25
M645,43,183,16.9,15.13,15.16,17.15,17.12,16.13
M646,38,178,16.12,15.14,25,17.11,16.16,16.12
M647,38,184,16.11,15.12,15.17,17.12,17.11,16.13
M648,39,180,16.14,15.17,16.14,17.12,26,16.15
M649,43,187,17.12,16.11,17.12,18.14,17.18,17.13
M650,45,185,17.16,16.18,17.15,18.13,18.17,17.18
M651,47,186,16.18,16.12,16.17,17.12,26,16.18
M652,47,184,16.17,16.10,16.12,18.13,17.11,26
M653,56,184,17.10,16.13,16.17,17.12,26,16.18
M654,61,174,16.16,25,16.11,17.14,26,16.16
M655,64,177,18.12,17.14,27,19.12,18.16,18.13
M656,33,184,15.17,15.15,16.10,16.17,16.17,16.11
M657,49,171,16.17,16.12,16.15,17.17,16.17,16.18
M658,36,193,26,16.15,16.18,27,27,17.12
M659,53,178,16.17,16.13,16.12,17.13,17.18,26
M660,44,184,16.10,15.14,15.17,17.16,17.13,16.14
M661,39,179,16.13,15.15,26,17.12,16.17,16.13
M662,39,185,16.12,15.13,15.18,17.13,17.12,16.14
M663,40,181,16.15,15.18,16.15,17.13,27,16.16
M664,44,188,17.13,16.12,17.13,18.15,17.19,17.14
M665,46,186,17.17,16.19,17.16,18.14,18.18,17.19
M666,48,187,16.19,16.13,16.18,17.13,27,16.19
M667,48,185,16.18,16.11,16.13,18.14,17.12,27
M668,57,185,17.11,16.14,16.18,17.13,27,16.19
M669,62,175,16.17,26,16.12,17.15,27,16.17
M670,65,178,18.13,17.15,28,19.13,18.17,18.14
M671,34,185,15.18,15.16,16.11,16.18,16.18,16.12
M672,50,172,16.18,16.13,16.16,17.18,16.18,16.19
M673,37,194,27,16.16,16.19,28,28,17.13
M674,54,179,16.18,16.14,16.13,17.14,17.19,27
M675,45,185,16.11,15.15,15.18,17.17,17.14,16.15
M676,40,180,16.14,15.16,27,17.13,16.18,16.14
M677,40,186,16.13,15.14,15.19,17.14,17.13,16.15
M678,41,182,16.16,15.19,16.16,17.14,28,16.17
M679,45,189,17.14,16.13,17.14,18.16,17.20,17.15
M680,47,187,17.18,16.20,17.17,18.15,18.19,17.20
M681,49,188,16.20,16.14,16.19,17.14,28,16.20
M682,49,186,16.19,16.12,16.14,18.15,17.13,28
M683,58,186,17.12,16.15,16.19,17.14,28,16.20
M684,63,176,16.18,27,16.13,17.16,28,16.18
M685,66,179,18.14,17.16,29,19.14,18.18,18.15
M686,35,186,15.19,15.17,16.12,16.19,16.19,16.13
M687,51,173,16.19,16.14,16.17,17.19,16.19,16.20
M688,38,195,28,16.17,16.20,29,29,17.14
M689,55,180,16.19,16.15,16.14,17.15,17.20,28
M690,46,186,16.12,15.16,15.19,17.18,17.15,16.16
M691,41,181,16.15,15.17,28,17.14,16.19,16.15
M692,41,187,16.14,15.15,15.20,17.15,17.14,16.16
M693,42,183,16.17,15.20,16.17,17.15,29,16.18
M694,46,190,17.15,16.14,17.15,18.17,17.21,17.16
M695,48,188,17.19,16.21,17.18,18.16,18.20,17.21
M696,50,189,16.21,16.15,16.20,17.15,29,16.21
M697,50,187,16.20,16.13,16.15,18.16,17.14,29
M698,59,187,17.13,16.16,16.20,17.15,29,16.21
M699,64,177,16.19,28,16.14,17.17,29,16.19
M700,67,180,18.15,17.17,30,19.15,18.19,18.16
M701,36,176,16.10,15.12,23,17.9,16.14,16.10
M702,36,182,16.9,15.10,15.15,17.10,17.9,16.11
M703,37,178,16.12,15.15,16.12,17.10,24,16.13
M704,41,185,17.10,16.9,17.10,18.12,17.16,17.11
M705,43,183,17.14,16.16,17.13,18.11,18.15,17.16
M706,45,184,16.16,16.10,16.15,17.10,24,16.16
M707,45,182,16.15,16.8,16.10,18.11,17.9,24
M708,54,182,17.8,16.11,16.15,17.10,24,16.16
M709,59,172,16.14,23,16.9,17.12,24,16.14
M710,62,175,18.10,17.12,25,19.10,18.14,18.11
M711,31,182,15.15,15.13,16.8,16.15,16.15,16.9
M712,47,169,16.15,16.10,16.13,17.15,16.15,16.16
M713,34,191,24,16.13,16.16,25,25,17.10
M714,51,176,16.15,16.11,16.10,17.11,17.16,24
M715,42,182,16.8,15.12,15.15,17.14,17.11,16.12
M716,37,177,16.11,15.13,24,17.10,16.15,16.11
M717,37,183,16.10,15.11,15.16,17.11,17.10,16.12
M718,38,179,16.13,15.16,16.13,17.11,25,16.14
M719,42,186,17.11,16.10,17.11,18.13,17.17,17.12
M720,44,184,17.15,16.17,17.14,18.12,18.16,17.17
M721,46,185,16.17,16.11,16.16,17.11,25,16.17
M722,46,183,16.16,16.9,16.11,18.12,17.10,25
M723,55,183,17.9,16.12,16.16,17.11,25,16.17
M724,60,173,16.15,24,16.10,17.13,25,16.15
M725,63,176,18.11,17.13,26,19.11,18.15,18.12
M726,32,183,15.16,15.14,16.9,16.16,16.16,16.10
M727,48,170,16.16,16.11,16.14,17.16,16.16,16.17
M728,35,192,25,16.14,16.17,26,26,17.11
M729,52,177,16.16,16.12,16.11,17.12,17.17,25
M730,43,183,16.9,15.13,15.16,17.15,17.12,16.13
M731,38,178,16.12,15.14,25,17.11,16.16,16.12
M732,38,184,16.11,15.12,15.17,17.12,17.11,16.13
M733,39,180,16.14,15.17,16.14,17.12,26,16.15
M734,43,187,17.12,16.11,17.12,18.14,17.18,17.13
M735,45,185,17.16,16.18,17.15,18.13,18.17,17.18
M736,47,186,16.18,16.12,16.17,17.12,26,16.18
M737,47,184,16.17,16.10,16.12,18.13,17.11,26
M738,56,184,17.10,16.13,16.17,17.12,26,16.18
M739,61,174,16.16,25,16.11,17.14,26,16.16
M740,64,177,18.12,17.14,27,19.12,18.16,18.13
M741,33,184,15.17,15.15,16.10,16.17,16.17,16.11
M742,49,171,16.17,16.12,16.15,17.17,16.17,16.18
M743,36,193,26,16.15,16.18,27,27,17.12
M744,53,178,16.17,16.13,16.12,17.13,17.18,26
M745,44,184,16.10,15.14,15.17,17.16,17.13,16.14
M746,39,179,16.13,15.15,26,17.12,16.17,16.13
M747,39,185,16.12,15.13,15.18,17.13,17.12,16.14
M748,40,181,16.15,15.18,16.15,17.13,27,16.16
M749,44,188,17.13,16.12,17.13,18.15,17.19,17.14
M750,46,186,17.17,16.19,17.16,18.14,18.18,17.19
M751,48,187,16.19,16.13,16.18,17.13,27,16.19
M752,48,185,16.18,16.11,16.13,18.14,17.12,27
M753,57,185,17.11,16.14,16.18,17.13,27,16.19
M754,62,175,16.17,26,16.12,17.15,27,16.17
M755,65,178,18.13,17.15,28,19.13,18.17,18.14
M756,34,185,15.18,15.16,16.11,16.18,16.18,16.12
M757,50,172,16.18,16.13,16.16,17.18,16.18,16.19
M758,37,194,27,16.16,16.19,28,28,17.13
M759,54,179,16.18,16.14,16.13,17.14,17.19,27
M760,45,185,16.11,15.15,15.18,17.17,17.14,16.15
M761,40,180,16.14,15.16,27,17.13,16.18,16.14
M762,40,186,16.13,15.14,15.19,17.14,17.13,16.15
M763,41,182,16.16,15.19,16.16,17.14,28,16.17
M764,45,189,17.14,16.13,17.14,18.16,17.20,17.15
M765,47,187,17.18,16.20,17.17,18.15,18.19,17.20
M766,49,188,16.20,16.14,16.19,17.14,28,16.20
M767,49,186,16.19,16.12,16.14,18.15,17.13,28
M768,58,186,17.12,16.15,16.19,17.14,28,16.20
M769,63,176,16.18,27,16.13,17.16,28,16.18
M770,66,179,18.14,17.16,29,19.14,18.18,18.15
M771,35,186,15.19,15.17,16.12,16.19,16.19,16.13
M772,51,173,16.19,16.14,16.17,17.19,16.19,16.20
M773,38,195,28,16.17,16.20,29,29,17.14
M774,55,180,16.19,16.15,16.14,17.15,17.20,28
M775,46,186,16.12,15.16,15.19,17.18,17.15,16.16
M776,41,181,16.15,15.17,28,17.14,16.19,16.15
M777,41,187,16.14,15.15,15.20,17.15,17.14,16.16
M778,42,183,16.17,15.20,16.17,17.15,29,16.18
M779,46,190,17.15,16.14,17.15,18.17,17.21,17.16
M780,48,188,17.19,16.21,17.18,18.16,18.20,17.21
M781,50,189,16.21,16.15,16.20,17.15,29,16.21
M782,50,187,16.20,16.13,16.15,18.16,17.14,29
M783,59,187,17.13,16.16,16.20,17.15,29,16.21
M784,64,177,16.19,28,16.14,17.17,29,16.19
M785,67,180,18.15,17.17,30,19.15,18.19,18.16
M786,36,187,15.20,15.18,16.13,16.20,16.20,16.14
M787,52,174,16.20,16.15,16.18,17.20,16.20,16.21
M788,39,196,29,16.18,16.21,30,30,17.15
M789,56,181,16.20,16.16,16.15,17.16,17.21,29
M790,47,187,16.13,15.17,15.20,17.19,17.16,16.17
M791,42,182,16.16,15.18,29,17.15,16.20,16.16
M792,42,188,16.15,15.16,15.21,17.16,17.15,16.17
M793,43,184,16.18,15.21,16.18,17.16,30,16.19
M794,47,191,17.16,16.15,17.16,18.18,17.22,17.17
M795,49,189,17.20,16.22,17.19,18.17,18.21,17.22
M796,51,190,16.22,16.16,16.21,17.16,30,16.22
M797,51,188,16.21,16.14,16.16,18.17,17.15,30
M798,60,188,17.14,16.17,16.21,17.16,30,16.22
M799,65,178,16.20,29,16.15,17.18,30,16.20
M800,68,181,18.16,17.18,31,19.16,18.20,18.17
M801,37,177,16.11,15.13,24,17.10,16.15,16.11
M802,37,183,16.10,15.11,15.16,17.11,17.10,16.12
M803,38,179,16.13,15.16,16.13,17.11,25,16.14
M804,42,186,17.11,16.10,17.11,18.13,17.17,17.12
M805,44,184,17.15,16.17,17.14,18.12,18.16,17.17
M806,46,185,16.17,16.11,16.16,17.11,25,16.17
M807,46,183,16.16,16.9,16.11,18.12,17.10,25
M808,55,183,17.9,16.12,16.16,17.11,25,16.17
M809,60,173,16.15,24,16.10,17.13,25,16.15
M810,63,176,18.11,17.13,26,19.11,18.15,18.12
M811,32,183,15.16,15.14,16.9,16.16,16.16,16.10
M812,48,170,16.16,16.11,16.14,17.16,16.16,16.17
M813,35,192,25,16.14,16.17,26,26,17.11
M814,52,177,16.16,16.12,16.11,17.12,17.17,25
M815,43,183,16.9,15.13,15.16,17.15,17.12,16.13
M816,38,178,16.12,15.14,25,17.11,16.16,16.12
M817,38,184,16.11,15.12,15.17,17.12,17.11,16.13
M818,39,180,16.14,15.17,16.14,17.12,26,16.15
M819,43,187,17.12,16.11,17.12,18.14,17.18,17.13
M820,45,185,17.16,16.18,17.15,18.13,18.17,17.18
M821,47,186,16.18,16.12,16.17,17.12,26,16.18
M822,47,184,16.17,16.10,16.12,18.13,17.11,26
M823,56,184,17.10,16.13,16.17,17.12,26,16.18
M824,61,174,16.16,25,16.11,17.14,26,16.16
M825,64,177,18.12,17.14,27,19.12,18.16,18.13
M826,33,184,15.17,15.15,16.10,16.17,16.17,16.11
M827,49,171,16.17,16.12,16.15,17.17,16.17,16.18
M828,36,193,26,16.15,16.18,27,27,17.12
M829,53,178,16.17,16.13,16.12,17.13,17.18,26
M830,44,184,16.10,15.14,15.17,17.16,17.13,16.14
M831,39,179,16.13,15.15,26,17.12,16.17,16.13
M832,39,185,16.12,15.13,15.18,17.13,17.12,16.14
M833,40,181,16.15,15.18,16.15,17.13,27,16.16
M834,44,188,17.13,16.12,17.13,18.15,17.19,17.14
M835,46,186,17.17,16.19,17.16,18.14,18.18,17.19
M836,48,187,16.19,16.13,16.18,17.13,27,16.19
M837,48,185,16.18,16.11,16.13,18.14,17.12,27
M838,57,185,17.11,16.14,16.18,17.13,27,16.19
M839,62,175,16.17,26,16.12,17.15,27,16.17
M840,65,178,18.13,17.15,28,19.13,18.17,18.14
M841,34,185,15.18,15.16,16.11,16.18,16.18,16.12
M842,50,172,16.18,16.13,16.16,17.18,16.18,16.19
M843,37,194,27,16.16,16.19,28,28,17.13
M844,54,179,16.18,16.14,16.13,17.14,17.19,27
M845,45,185,16.11,15.15,15.18,17.17,17.14,16.15
M846,40,180,16.14,15.16,27,17.13,16.18,16.14
M847,40,186,16.13,15.14,15.19,17.14,17.13,16.15
M848,41,182,16.16,15.19,16.16,17.14,28,16.17
M849,45,189,17.14,16.13,17.14,18.16,17.20,17.15
M850,47,187,17.18,16.20,17.17,18.15,18.19,17.20
M851,49,188,16.20,16.14,16.19,17.14,28,16.20
M852,49,186,16.19,16.12,16.14,18.15,17.13,28
M853,58,186,17.12,16.15,16.19,17.14,28,16.20
M854,63,176,16.18,27,16.13,17.16,28,16.18
M855,66,179,18.14,17.16,29,19.14,18.18,18.15
M856,35,186,15.19,15.17,16.12,16.19,16.19,16.13
M857,51,173,16.19,16.14,16.17,17.19,16.19,16.20
M858,38,195,28,16.17,16.20,29,29,17.14
M859,55,180,16.19,16.15,16.14,17.15,17.20,28
M860,46,186,16.12,15.16,15.19,17.18,17.15,16.16
M861,41,181,16.15,15.17,28,17.14,16.19,16.15
M862,41,187,16.14,15.15,15.20,17.15,17.14,16.16
M863,42,183,16.17,15.20,16.17,17.15,29,16.18
M864,46,190,17.15,16.14,17.15,18.17,17.21,17.16
M865,48,188,17.19,16.21,17.18,18.16,18.20,17.21
M866,50,189,16.21,16.15,16.20,17.15,29,16.21
M867,50,187,16.20,16.13,16.15,18.16,17.14,29
M868,59,187,17.13,16.16,16.20,17.15,29,16.21
M869,64,177,16.19,28,16.14,17.17,29,16.19
M870,67,180,18.15,17.17,30,19.15,18.19,18.16
M871,36,187,15.20,15.18,16.13,16.20,16.20,16.14
M872,52,174,16.20,16.15,16.18,17.20,16.20,16.21
M873,39,196,29,16.18,16.21,30,30,17.15
M874,56,181,16.20,16.16,16.15,17.16,17.21,29
M875,47,187,16.13,15.17,15.20,17.19,17.16,16.17
M876,42,182,16.16,15.18,29,17.15,16.20,16.16
M877,42,188,16.15,15.16,15.21,17.16,17.15,16.17
M878,43,184,16.18,15.21,16.18,17.16,30,16.19
M879,47,191,17.16,16.15,17.16,18.18,17.22,17.17
M880,49,189,17.20,16.22,17.19,18.17,18.21,17.22
M881,51,190,16.22,16.16,16.21,17.16,30,16.22
M882,51,188,16.21,16.14,16.16,18.17,17.15,30
M883,60,188,17.14,16.17,16.21,17.16,30,16.22
M884,65,178,16.20,29,16.15,17.18,30,16.20
M885,68,181,18.16,17.18,31,19.16,18.20,18.17
M886,37,188,15.21,15.19,16.14,16.21,16.21,16.15
M887,53,175,16.21,16.16,16.19,17.21,16.21,16.22
M888,40,197,30,16.19,16.22,31,31,17.16
M889,57,182,16.21,16.17,16.16,17.17,17.22,30
M890,48,188,16.14,15.18,15.21,17.20,17.17,16.18
M891,43,183,16.17,15.19,30,17.16,16.21,16.17
M892,43,189,16.16,15.17,15.22,17.17,17.16,16.18
M893,44,185,16.19,15.22,16.19,17.17,31,16.20
M894,48,192,17.17,16.16,17.17,18.19,17.23,17.18
M895,50,190,17.21,16.23,17.20,18.18,18.22,17.23
M896,52,191,16.23,16.17,16.22,17.17,31,16.23
M897,52,189,16.22,16.15,16.17,18.18,17.16,31
M898,61,189,17.15,16.18,16.22,17.17,31,16.23
M899,66,179,16.21,30,16.16,17.19,31,16.21
M900,69,182,18.17,17.19,32,19.17,18.21,18.18
M901,38,178,16.12,15.14,25,17.11,16.16,16.12
M902,38,184,16.11,15.12,15.17,17.12,17.11,16.13
M903,39,180,16.14,15.17,16.14,17.12,26,16.15
M904,43,187,17.12,16.11,17.12,18.14,17.18,17.13
M905,45,185,17.16,16.18,17.15,18.13,18.17,17.18
M906,47,186,16.18,16.12,16.17,17.12,26,16.18
M907,47,184,16.17,16.10,16.12,18.13,17.11,26
M908,56,184,17.10,16.13,16.17,17.12,26,16.18
M909,61,174,16.16,25,16.11,17.14,26,16.16
M910,64,177,18.12,17.14,27,19.12,18.16,18.13
M911,33,184,15.17,15.15,16.10,16.17,16.17,16.11
M912,49,171,16.17,16.12,16.15,17.17,16.17,16.18
M913,36,193,26,16.15,16.18,27,27,17.12
M914,53,178,16.17,16.13,16.12,17.13,17.18,26
M915,44,184,16.10,15.14,15.17,17.16,17.13,16.14
M916,39,179,16.13,15.15,26,17.12,16.17,16.13
M917,39,185,16.12,15.13,15.18,17.13,17.12,16.14
M918,40,181,16.15,15.18,16.15,17.13,27,16.16
M919,44,188,17.13,16.12,17.13,18.15,17.19,17.14
M920,46,186,17.17,16.19,17.16,18.14,18.18,17.19
M921,48,187,16.19,16.13,16.18,17.13,27,16.19
M922,48,185,16.18,16.11,16.13,18.14,17.12,27
M923,57,185,17.11,16.14,16.18,17.13,27,16.19
M924,62,175,16.17,26,16.12,17.15,27,16.17
M925,65,178,18.13,17.15,28,19.13,18.17,18.14
M926,34,185,15.18,15.16,16.11,16.18,16.18,16.12
M927,50,172,16.18,16.13,16.16,17.18,16.18,16.19
M928,37,194,27,16.16,16.19,28,28,17.13
M929,54,179,16.18,16.14,16.13,17.14,17.19,27
M930,45,185,16.11,15.15,15.18,17.17,17.14,16.15
M931,40,180,16.14,15.16,27,17.13,16.18,16.14
M932,40,186,16.13,15.14,15.19,17.14,17.13,16.15
M933,41,182,16.16,15.19,16.16,17.14,28,16.17
M934,45,189,17.14,16.13,17.14,18.16,17.20,17.15
M935,47,187,17.18,16.20,17.17,18.15,18.19,17.20
M936,49,188,16.20,16.14,16.19,17.14,28,16.20
M937,49,186,16.19,16.12,16.14,18.15,17.13,28
M938,58,186,17.12,16.15,16.19,17.14,28,16.20
M939,63,176,16.18,27,16.13,17.16,28,16.18
M940,66,179,18.14,17.16,29,19.14,18.18,18.15
M941,35,186,15.19,15.17,16.12,16.19,16.19,16.13
M942,51,173,16.19,16.14,16.17,17.19,16.19,16.20
M943,38,195,28,16.17,16.20,29,29,17.14
M944,55,180,16.19,16.15,16.14,17.15,17.20,28
M945,46,186,16.12,15.16,15.19,17.18,17.15,16.16
M946,41,181,16.15,15.17,28,17.14,16.19,16.15
M947,41,187,16.14,15.15,15.20,17.15,17.14,16.16
M948,42,183,16.17,15.20,16.17,17.15,29,16.18
M949,46,190,17.15,16.14,17.15,18.17,17.21,17.16
M950,48,188,17.19,16.21,17.18,18.16,18.20,17.21
M951,50,189,16.21,16.15,16.20,17.15,29,16.21
M952,50,187,16.20,16.13,16.15,18.16,17.14,29
M953,59,187,17.13,16.16,16.20,17.15,29,16.21
M954,64,177,16.19,28,16.14,17.17,29,16.19
M955,67,180,18.15,17.17,30,19.15,18.19,18.16
M956,36,187,15.20,15.18,16.13,16.20,16.20,16.14
M957,52,174,16.20,16.15,16.18,17.20,16.20,16.21
M958,39,196,29,16.18,16.21,30,30,17.15
M959,56,181,16.20,16.16,16.15,17.16,17.21,29
M960,47,187,16.13,15.17,15.20,17.19,17.16,16.17
M961,42,182,16.16,15.18,29,17.15,16.20,16.16
M962,42,188,16.15,15.16,15.21,17.16,17.15,16.17
M963,43,184,16.18,15.21,16.18,17.16,30,16.19
M964,47,191,17.16,16.15,17.16,18.18,17.22,17.17
M965,49,189,17.20,16.22,17.19,18.17,18.21,17.22
M966,51,190,16.22,16.16,16.21,17.16,30,16.22
M967,51,188,16.21,16.14,16.16,18.17,17.15,30
M968,60,188,17.14,16.17,16.21,17.16,30,16.22
M969,65,178,16.20,29,16.15,17.18,30,16.20
M970,68,181,18.16,17.18,31,19.16,18.20,18.17
M971,37,188,15.21,15.19,16.14,16.21,16.21,16.15
M972,53,175,16.21,16.16,16.19,17.21,16.21,16.22
M973,40,197,30,16.19,16.22,31,31,17.16
M974,57,182,16.21,16.17,16.16,17.17,17.22,30
M975,48,188,16.14,15.18,15.21,17.20,17.17,16.18
M976,43,183,16.17,15.19,30,17.16,16.21,16.17
M977,43,189,16.16,15.17,15.22,17.17,17.16,16.18
M978,44,185,16.19,15.22,16.19,17.17,31,16.20
M979,48,192,17.17,16.16,17.17,18.19,17.23,17.18
M980,50,190,17.21,16.23,17.20,18.18,18.22,17.23
M981,52,191,16.23,16.17,16.22,17.17,31,16.23
M982,52,189,16.22,16.15,16.17,18.18,17.16,31
M983,61,189,17.15,16.18,16.22,17.17,31,16.23
M984,66,179,16.21,30,16.16,17.19,31,16.21
M985,69,182,18.17,17.19,32,19.17,18.21,18.18
M986,38,189,15.22,15.20,16.15,16.22,16.22,16.16
M987,54,176,16.22,16.17,16.20,17.22,16.22,16.23
M988,41,198,31,16.20,16.23,32,32,17.17
M989,58,183,16.22,16.18,16.17,17.18,17.23,31
M990,49,189,16.15,15.19,15.22,17.21,17.18,16.19
M991,44,184,16.18,15.20,31,17.17,16.22,16.18
M992,44,190,16.17,15.18,15.23,17.18,17.17,16.19
M993,45,186,16.20,15.23,16.20,17.18,32,16.21
M994,49,193,17.18,16.17,17.18,18.20,17.24,17.19
M995,51,191,17.22,16.24,17.21,18.19,18.23,17.24
M996,53,192,16.24,16.18,16.23,17.18,32,16.24
M997,53,190,16.23,16.16,16.18,18.19,17.17,32
M998,62,190,17.16,16.19,16.23,17.18,32,16.24
M999,67,180,16.22,31,16.17,17.20,32,16.22
M1000,70,183,18.18,17.20,33,19.18,18.22,18.19
